<?xml version="1.0" encoding="UTF-8"?>
<project-private xmlns="http://www.netbeans.org/ns/project-private/1">
    <editor-bookmarks xmlns="http://www.netbeans.org/ns/editor-bookmarks/2" lastBookmarkId="0"/>
    <open-files xmlns="http://www.netbeans.org/ns/projectui-open-files/2">
        <group>
            <file>file:/C:/Users/rajat/Desktop/FRS/src/Flight.java</file>
            <file>file:/C:/Users/rajat/Desktop/FRS/src/BookingManager.java</file>
            <file>file:/C:/Users/rajat/Desktop/FRS/src/screen_4.java</file>
            <file>file:/C:/Users/rajat/Desktop/FRS/src/DataManager.java</file>
            <file>file:/C:/Users/rajat/Desktop/FRS/src/FRSManager.java</file>
            <file>file:/C:/Users/rajat/Desktop/FRS/src/DisplayManager.java</file>
            <file>file:/C:/Users/rajat/Desktop/FRS/src/screen_1.java</file>
            <file>file:/C:/Users/rajat/Desktop/FRS/src/SearchManager.java</file>
            <file>file:/C:/Users/rajat/Desktop/FRS/src/ComboFlight.java</file>
            <file>file:/C:/Users/rajat/Desktop/FRS/src/screen_2.java</file>
            <file>file:/C:/Users/rajat/Desktop/FRS/src/screen_3.java</file>
        </group>
    </open-files>
</project-private>
